Date,Close/Last,Volume,Open,High,Low
02/08/2023,$15.43,10016810,$15.475,$15.76,$15.05
02/07/2023,$15.76,20432900,$15.72,$16.24,$15.4199
02/06/2023,$15.79,18220300,$15.825,$16.37,$15.15
02/03/2023,$16.28,32668460,$16.25,$17.83,$16.135
02/02/2023,$16.98,39055210,$15.75,$17.6,$15.18
02/01/2023,$16.36,79365190,$13.75,$16.79,$13.6
01/31/2023,$12.93,21405940,$12.59,$13.115,$12.5
01/30/2023,$12.5,18199310,$12.71,$13.37,$12.3
01/27/2023,$12.65,16963180,$11.77,$12.99,$11.65
01/26/2023,$11.8,8764653,$11.74,$12.05,$11.42
01/25/2023,$11.41,8225818,$10.8,$11.47,$10.52
01/24/2023,$11.06,9116574,$11.22,$11.45,$10.87
01/23/2023,$11.66,8967556,$11.1,$11.74,$10.86
01/20/2023,$11.06,7982372,$10.63,$11.0899,$10.46
01/19/2023,$10.44,10553900,$10.77,$10.94,$10.19
01/18/2023,$11.09,19264300,$12.1,$12.14,$11.03
01/17/2023,$11.94,16358430,$11.53,$12.075,$11.3299
01/13/2023,$11.63,10993890,$10.89,$11.73,$10.825
01/12/2023,$11.1,10512770,$10.89,$11.15,$10.21
01/11/2023,$10.82,13106560,$9.86,$10.84,$9.77
01/10/2023,$9.8,9265875,$9.32,$9.8799,$9.31
01/09/2023,$9.33,11044720,$9.09,$9.525,$9.02
01/06/2023,$8.92,9836818,$8.56,$9.025,$8.31
01/05/2023,$8.58,7781211,$8.58,$8.73,$8.31
01/04/2023,$8.84,9931473,$8.26,$8.86,$7.985
01/03/2023,$8.12,11626280,$8.17,$8.45,$7.89
12/30/2022,$7.94,10481530,$7.85,$8.03,$7.68
12/29/2022,$8.09,8878116,$8.05,$8.31,$7.92
12/28/2022,$7.88,9501641,$8.12,$8.31,$7.855
12/27/2022,$8.14,12128550,$8.79,$8.805,$8.12
12/23/2022,$8.89,7653813,$9.21,$9.24,$8.655
12/22/2022,$9.21,10146780,$9.74,$9.74,$8.83
12/21/2022,$9.88,11384410,$10.47,$10.61,$9.86
12/20/2022,$10.45,9439143,$10.315,$10.8485,$10.1797
12/19/2022,$10.48,6284162,$10.59,$10.63,$10.23
12/16/2022,$10.71,12728870,$11.19,$11.63,$10.69
12/15/2022,$11.36,11910490,$11.91,$12.11,$11.21
12/14/2022,$12.16,9566524,$11.55,$12.2761,$11.52
12/13/2022,$11.71,13802430,$12.42,$12.58,$11.4135
12/12/2022,$11.71,8934534,$11.37,$11.74,$11.11
12/09/2022,$11.51,11560920,$12.42,$12.47,$11.48
12/08/2022,$12.57,9985209,$11.92,$12.669,$11.7
12/07/2022,$11.85,11052490,$12.27,$12.77,$11.85
12/06/2022,$12.46,12636430,$12.83,$12.89,$11.9301
12/05/2022,$12.92,14984440,$13.06,$13.345,$12.745
12/02/2022,$13.3,27053110,$11.5,$13.33,$11.41
12/01/2022,$11.77,11875610,$11.49,$11.86,$10.99
11/30/2022,$11.38,11759260,$10.422,$11.39,$10.14
11/29/2022,$10.49,7915064,$10.31,$10.86,$10.1
11/28/2022,$10.14,15594220,$9.98,$10.94,$9.94
11/25/2022,$10.06,3608431,$9.84,$10.1275,$9.79
11/23/2022,$10.03,7025911,$9.784,$10.0584,$9.67
11/22/2022,$9.65,10177490,$9.53,$9.72,$9.33
11/21/2022,$9.76,8805275,$10.03,$10.21,$9.49
11/18/2022,$10.31,7597643,$11,$11.22,$10.18
11/17/2022,$10.89,11525530,$10.54,$11.06,$10.42
11/16/2022,$10.94,13986350,$11.6,$11.68,$10.71
11/15/2022,$11.84,16118250,$11.28,$12.0168,$11.15
11/14/2022,$10.94,14722220,$10.06,$11.04,$10.0402
11/11/2022,$10.33,15066310,$9.76,$10.6,$9.5
11/10/2022,$9.96,15777940,$9.33,$10,$9.215
11/09/2022,$8.565,11969910,$9.38,$9.445,$8.3917
11/08/2022,$9.58,15198850,$9.43,$9.855,$8.78
11/07/2022,$9.41,10806170,$9.41,$9.67,$8.9284
11/04/2022,$9.39,20116480,$9.29,$9.71,$8.92
11/03/2022,$9.34,33515280,$7.45,$9.34,$7.2401
11/02/2022,$8.63,18197680,$8.89,$9.205,$8.41
11/01/2022,$8.94,12394620,$8.78,$9.0192,$8.755
10/31/2022,$8.4,17479690,$8.05,$8.67,$7.98
10/28/2022,$8.01,15489870,$7.8,$8.0593,$7.585
10/27/2022,$7.81,13766280,$7.81,$8.245,$7.7
10/26/2022,$7.69,12848700,$7.33,$8.16,$7.25
10/25/2022,$7.48,17611570,$7.08,$7.69,$7.07
10/24/2022,$7,14132080,$7.2,$7.22,$6.76
10/21/2022,$7.34,9801301,$7.29,$7.44,$7.025
10/20/2022,$7.41,13573260,$7.4,$7.965,$7.28
10/19/2022,$7.39,11526340,$7.71,$7.718,$7.32
10/18/2022,$7.83,12989820,$8.14,$8.26,$7.535
10/17/2022,$7.75,15212250,$7.56,$7.96,$7.355
10/14/2022,$7.24,24643140,$8.78,$8.97,$7.23
10/13/2022,$8.71,19434900,$8.03,$9.01,$7.83
10/12/2022,$8.53,12904970,$8.74,$8.81,$8.09
10/11/2022,$8.78,16169830,$9.21,$9.23,$8.24
10/10/2022,$9.09,19635100,$8.74,$9.42,$8.555
10/07/2022,$8.69,14305190,$8.48,$8.8186,$8.4
10/06/2022,$8.83,19532900,$8.465,$9.17,$8.35
10/05/2022,$8.49,16018280,$8.55,$8.84,$8.095
10/04/2022,$8.86,28308900,$7.67,$8.86,$7.67
10/03/2022,$7.47,18285920,$7.1,$7.48,$6.66
09/30/2022,$6.93,13325030,$7.01,$7.295,$6.855
09/29/2022,$7.05,26183260,$8.18,$8.182,$6.82
09/28/2022,$8.24,9182458,$8.22,$8.42,$8.03
09/27/2022,$8.2,13653710,$8.32,$8.79,$8.0612
09/26/2022,$8.22,12342480,$8.5,$8.845,$8.06
09/23/2022,$8.51,10984820,$8.46,$8.69,$8.28
09/22/2022,$8.59,9724372,$8.99,$9.11,$8.585
09/21/2022,$9.05,12121330,$9.85,$9.9,$9.05
09/20/2022,$9.65,10417520,$9.9,$10.24,$9.63
09/19/2022,$9.92,6869733,$9.71,$9.99,$9.59
09/16/2022,$9.74,14167190,$10.4,$10.4,$9.71
09/15/2022,$10.68,10391660,$10.07,$10.85,$10
09/14/2022,$10.23,8889950,$10.04,$10.27,$9.665
09/13/2022,$9.91,23635150,$10.45,$10.45,$9.48
09/12/2022,$11.05,12914660,$10.26,$11.08,$10.2416
09/09/2022,$10.31,18726410,$9.295,$10.39,$9.295
09/08/2022,$9.1,8157383,$8.84,$9.19,$8.635
09/07/2022,$8.97,9401903,$8.6,$9.155,$8.57
09/06/2022,$8.69,13447130,$9.36,$9.39,$8.68
09/02/2022,$9.44,16349200,$10.31,$10.47,$9.4
09/01/2022,$10.28,11753560,$9.955,$10.3,$9.65
08/31/2022,$10.19,30546900,$9.75,$10.265,$9.67
08/30/2022,$9.58,19154700,$10.76,$10.885,$9.52
08/29/2022,$10.47,15778650,$10.48,$10.92,$10.35
08/26/2022,$10.61,25524300,$11.028,$11.04,$10.12
08/25/2022,$11.01,59490220,$11.68,$11.86,$10.655
08/24/2022,$13.48,83422140,$12.35,$13.66,$12.1601
08/23/2022,$11.2,14795370,$11.5,$11.64,$10.78
08/22/2022,$11.58,10048930,$11.38,$11.75,$11.13
08/19/2022,$11.71,10943420,$12.32,$12.41,$11.36
08/18/2022,$12.66,11137540,$12.86,$12.86,$12.29
08/17/2022,$12.94,11485370,$13.315,$13.6499,$12.85
08/16/2022,$13.69,15441280,$13.38,$14.32,$12.91
08/15/2022,$13.53,16205610,$13.34,$13.77,$12.69
08/12/2022,$13.53,28058110,$12.08,$13.79,$11.82
08/11/2022,$11.91,16592960,$12.24,$13.565,$11.73
08/10/2022,$11.92,9047343,$11.615,$12.07,$11.41
08/09/2022,$11.09,9641501,$11.57,$11.66,$10.8801
08/08/2022,$11.91,14643120,$11.93,$12.67,$11.66
08/05/2022,$11.79,15169150,$10.34,$11.87,$10.05
08/04/2022,$10.5,11412180,$11.31,$11.49,$10.45
08/03/2022,$11.39,11918150,$10.84,$11.48,$10.64
08/02/2022,$10.72,13290550,$9.63,$10.95,$9.56
08/01/2022,$9.69,8974901,$9.5,$9.81,$9.165
07/29/2022,$9.49,8819457,$9.24,$9.55,$8.88
07/28/2022,$9.33,10579040,$9.02,$9.36,$8.68
07/27/2022,$9,8816181,$9,$9.09,$8.561
07/26/2022,$8.71,10864530,$9.31,$9.31,$8.59
07/25/2022,$9.55,7980838,$9.85,$9.8569,$9.27
07/22/2022,$9.77,15741460,$11.1,$11.11,$9.72
07/21/2022,$11.26,13882650,$10.81,$11.4,$10.7
07/20/2022,$11.03,26784960,$9.45,$11.04,$9.38
07/19/2022,$9.4,14258600,$8.77,$9.47,$8.5
07/18/2022,$8.63,9571258,$8.75,$9.14,$8.5731
07/15/2022,$8.48,9637187,$8.435,$8.6799,$8.22
07/14/2022,$8.34,12778910,$8.89,$8.93,$8.32
07/13/2022,$8.93,14000240,$8.935,$9.19,$8.66
07/12/2022,$9.25,16359030,$9.37,$9.5296,$9.02
07/11/2022,$8.92,11374580,$10.06,$10.11,$8.91
07/08/2022,$10.21,9583679,$10.52,$10.925,$10.115
07/07/2022,$10.65,6899227,$10.17,$10.705,$10.0999
07/06/2022,$10.15,8189812,$10.31,$10.635,$10.055
07/05/2022,$10.41,12556070,$9.115,$10.415,$8.73
07/01/2022,$9.13,9338515,$9.12,$9.46,$8.88
06/30/2022,$9.18,11784110,$9.38,$9.42,$8.74
06/29/2022,$9.45,11346330,$9.78,$9.81,$9.11
06/28/2022,$9.86,7490453,$10.7,$10.94,$9.82
06/27/2022,$10.79,8559712,$11.12,$11.22,$10.3
06/24/2022,$11.01,18093180,$10.52,$11.02,$10.39
06/23/2022,$10.51,9816528,$9.85,$10.56,$9.61
06/22/2022,$9.77,9321032,$9.54,$10.24,$9.51
06/21/2022,$9.7,9044704,$9.89,$10.33,$9.68
06/17/2022,$9.74,9527374,$9.43,$9.92,$9.37
06/16/2022,$9.45,10372650,$9.75,$9.97,$9.29
06/15/2022,$10.13,10847500,$9.61,$10.24,$9.61
06/14/2022,$9.58,10078390,$9.97,$10.08,$9.445
06/13/2022,$9.84,13492690,$10.01,$10.35,$9.61
06/10/2022,$10.51,12983800,$10.9,$11.08,$10.46
06/09/2022,$11.12,15193370,$12.07,$12.1,$11.095
06/08/2022,$12.19,10673530,$12.42,$13.01,$12.1301
06/07/2022,$12.43,14529390,$12.22,$12.53,$11.9
06/06/2022,$12.48,9051057,$12.65,$12.87,$12.29
06/03/2022,$12.53,8510214,$13.02,$13.1,$12.365
06/02/2022,$13.17,13431420,$12.99,$13.408,$12.92
06/01/2022,$12.94,13768070,$13.88,$14.31,$12.89
05/31/2022,$13.96,11233770,$14.46,$14.74,$13.77
05/27/2022,$14.51,8389485,$13.96,$14.52,$13.87
05/26/2022,$13.9,12969190,$13.165,$13.95,$12.87
05/25/2022,$13.05,12435810,$12.43,$13.265,$12.425
05/24/2022,$12.52,10298330,$13.47,$13.47,$12.335
05/23/2022,$13.62,9707087,$14.577,$14.577,$13.05
05/20/2022,$14.51,10296140,$14.96,$15.04,$13.6802
05/19/2022,$14.73,11288900,$14.285,$15.07,$14.14
05/18/2022,$14.42,11321160,$15.24,$15.92,$14.315
05/17/2022,$15.55,19239410,$15.83,$16.22,$14.675
05/16/2022,$15.48,16844100,$15.56,$16.16,$15.26
05/13/2022,$15.87,23371300,$13.89,$15.9,$13.82
05/12/2022,$13.62,23504590,$12.05,$14.14,$11.8022
05/11/2022,$12.34,28635670,$13.328,$13.935,$12.24
05/10/2022,$12.9,63037680,$12.1,$13.4794,$11.25
05/09/2022,$14.13,15995030,$15.34,$15.61,$14.06
05/06/2022,$15.7,18179030,$16.74,$16.94,$14.7
05/05/2022,$17.01,10827490,$18.53,$18.53,$16.67
05/04/2022,$18.71,13104540,$18.27,$18.86,$16.78
05/03/2022,$18.31,9009157,$18.445,$18.85,$17.96
05/02/2022,$18.73,9323840,$17.65,$18.83,$17.21
04/29/2022,$17.56,11659940,$18.84,$19.93,$17.53
04/28/2022,$18.47,12648620,$18.71,$19.04,$17.375
04/27/2022,$18.64,7262048,$18.55,$19.5,$18.34
04/26/2022,$19.02,8822413,$20.19,$20.47,$18.905
04/25/2022,$20.41,8679933,$20.04,$20.5,$19.53
04/22/2022,$20.39,10773340,$20.72,$20.88,$19.66
04/21/2022,$20.465,8686080,$22.02,$22.3496,$20.41
04/20/2022,$21.77,11514500,$24.57,$24.57,$21.74
04/19/2022,$24.53,5757015,$23.76,$25.125,$23.51
04/18/2022,$23.91,9825775,$23.51,$24.05,$21.9
04/14/2022,$23.87,15065440,$24.82,$26.5,$23.1
04/13/2022,$25.03,4851602,$23.66,$25.05,$23.29
04/12/2022,$23.71,5599831,$24.18,$25.08,$23.57
04/11/2022,$24.18,6189172,$23.01,$24.6,$22.53
04/08/2022,$23.56,7830367,$24.4,$24.5914,$23.4
04/07/2022,$24.06,10194310,$24.67,$25.21,$22.8501
04/06/2022,$24.91,10038570,$25.57,$25.85,$24.25
04/05/2022,$26.2,6889617,$27.71,$27.95,$25.875
04/04/2022,$27.81,6353638,$26.49,$27.83,$25.83
04/01/2022,$26.31,5939623,$26.57,$26.92,$25.8
03/31/2022,$26.42,10141450,$28.56,$28.905,$26.25
03/30/2022,$28.44,11089810,$30.055,$30.78,$27.92
03/29/2022,$30.89,14294310,$28.65,$32.14,$28.3687
03/28/2022,$28.07,7858084,$28.44,$29.12,$26.88
03/25/2022,$28.42,9139713,$29.23,$29.66,$27.82
03/24/2022,$28.94,8149824,$28.37,$29.1799,$27.1718
03/23/2022,$28.71,11043860,$27.33,$29.86,$26.86
03/22/2022,$27.53,7280652,$25.93,$28.14,$25.845
03/21/2022,$26.25,6553750,$26.37,$26.72,$24.98
03/18/2022,$26.62,11291110,$24.64,$26.7,$24.61
03/17/2022,$24.7,7399655,$23.21,$24.73,$22.921
03/16/2022,$23.31,9640516,$22.87,$23.44,$22.08
03/15/2022,$22.61,13301720,$21.01,$22.815,$20.56
03/14/2022,$20.2,11106560,$20.81,$21.8783,$20.11
03/11/2022,$21.14,9021373,$22.64,$22.71,$21.04
03/10/2022,$22.61,8629180,$22.59,$23.13,$21.99
03/09/2022,$23.44,7501141,$22.82,$23.86,$22.69
03/08/2022,$22.55,10392010,$22.22,$23.505,$21.33
03/07/2022,$22.52,11855500,$23.59,$24.08,$22.14
03/04/2022,$23.49,18928880,$24.8,$24.82,$22.46
03/03/2022,$24.52,15971860,$26.965,$27.02,$24.4
03/02/2022,$26.73,10230770,$27.47,$27.51,$25.85
03/01/2022,$27.62,8231787,$28.89,$29.15,$27.2
02/28/2022,$29.06,10510190,$28.95,$29.12,$27.11
02/25/2022,$28.19,9672803,$28.08,$28.44,$26.75
02/24/2022,$28.3,20463560,$25.5,$28.6,$25.26
02/23/2022,$27,13930570,$28.73,$29.12,$26.7
02/22/2022,$28.55,10919910,$29.48,$30.31,$28.4
02/18/2022,$29.63,13085400,$30.571,$31.694,$29.08
02/17/2022,$30.59,11004000,$31.97,$33.01,$30.21
02/16/2022,$32.05,14457160,$33.16,$34.1999,$31.53
02/15/2022,$33.25,16048230,$32.998,$33.65,$31.95
02/14/2022,$32.83,21832310,$33.705,$34.96,$32.18
02/11/2022,$34.68,29809290,$36.81,$37.3,$33.68
02/10/2022,$37.46,33703990,$36.96,$39.6257,$36.41
02/09/2022,$38.77,78117370,$36.52,$38.93,$35.61
02/08/2022,$37.27,246529100,$30.2,$40.35,$29.7
02/07/2022,$29.75,105815300,$31.62,$32.22,$27.91
02/04/2022,$24.6,25406200,$24.662,$24.79,$23.21
02/03/2022,$24.25,10447600,$26.271,$26.6,$24.195
02/02/2022,$26.7,15476870,$27.9,$27.9,$25.88
02/01/2022,$28.02,13796420,$27.39,$28.57,$26.59
01/31/2022,$27.33,24148970,$26.55,$27.66,$26.01
01/28/2022,$25.64,21521370,$24.003,$25.71,$22.81
01/27/2022,$23.97,20292940,$24.8,$25.57,$23.76
01/26/2022,$24.75,24816250,$27.125,$27.6,$24.6701
01/25/2022,$26.53,30616450,$29.04,$29.7094,$26.45
01/24/2022,$29.71,63570320,$25.85,$30.27,$25.81
01/21/2022,$27.06,108935100,$25.81,$28.7,$24.34
01/20/2022,$24.22,105119300,$32.05,$32.635,$23.25
01/19/2022,$31.84,28231090,$30.02,$32.3862,$29.54
01/18/2022,$30.23,27347790,$30.85,$30.92,$29.1112
01/14/2022,$31.33,21265220,$31,$32.3203,$30.35
01/13/2022,$32.15,20397580,$34.68,$34.71,$31.98
01/12/2022,$34.49,12830820,$36.34,$37.08,$34.47
01/11/2022,$36.56,16197430,$34.27,$37.6799,$34.05
01/10/2022,$34.37,17111710,$34.7,$35.0999,$32.23
01/07/2022,$35.58,17078400,$33.55,$36.01,$33.03
01/06/2022,$33.86,18061320,$32.25,$34.67,$31.51
01/05/2022,$32.23,15467400,$33.12,$34.6,$32
01/04/2022,$33.82,21842310,$35,$35.25,$32.3918
01/03/2022,$35.2,12777240,$36.08,$36.26,$34.72
12/31/2021,$35.76,14463720,$36.1,$37.4,$35.655
12/30/2021,$37.19,16974850,$34.53,$37.9021,$34.48
12/29/2021,$34.56,13594970,$35.13,$35.6847,$33.91
12/28/2021,$35.13,14026030,$36.61,$37.3,$35.03
12/27/2021,$36.71,15765140,$38.12,$38.47,$36.47
12/23/2021,$38.59,17147640,$37.42,$38.81,$35.901
12/22/2021,$37.78,17182440,$39.21,$39.7107,$36.64
12/21/2021,$39.19,11555240,$38.875,$39.78,$37.9401
12/20/2021,$38.7,18246130,$42.16,$42.46,$38.19
12/17/2021,$42.45,18360270,$40.04,$43.025,$39.16
12/16/2021,$39.81,15792640,$38.5,$40.18,$38.4336
12/15/2021,$38.5,18012210,$39.335,$39.34,$36.42
12/14/2021,$39.26,30336050,$38.702,$42.75,$38.67
12/13/2021,$41.34,30021480,$39.615,$41.46,$37.75
12/10/2021,$38.51,23570780,$39.85,$41.25,$37.67
12/09/2021,$40.7,19329550,$45.21,$45.79,$40.27
12/08/2021,$45.91,17354770,$41.84,$46.345,$40.97
12/07/2021,$41.78,11574270,$42.58,$43.89,$41.38
12/06/2021,$42.49,13586640,$42.36,$43.52,$40.84
12/03/2021,$43.55,17128630,$46.16,$46.5,$42.29
12/02/2021,$44.45,17120790,$43.89,$46.25,$43.41
12/01/2021,$42.25,12901820,$43.81,$45.76,$42.19
11/30/2021,$44,17337100,$44.72,$46.13,$42.5
11/29/2021,$44.39,14785650,$44.68,$45.58,$42.744
11/26/2021,$46.41,16487610,$47.72,$47.75,$45
11/24/2021,$43.92,13120580,$42.55,$44.58,$41.74
11/23/2021,$42.97,17946920,$44,$44.34,$41.1301
11/22/2021,$44.08,19820450,$47.05,$47.15,$43.3
11/19/2021,$47.14,12695110,$49.55,$50.0795,$47
11/18/2021,$48.4,24991620,$51.23,$51.8,$45.9
11/17/2021,$51.13,24285040,$52.66,$53.39,$50.81
11/16/2021,$54.85,73862980,$50.09,$54.935,$48.85
11/15/2021,$47.49,12812670,$49.613,$49.7135,$46.7
11/12/2021,$49.22,8862726,$50.67,$51.39,$48.73
11/11/2021,$50.52,15780140,$49.08,$50.85,$47.57
11/10/2021,$48.95,16018560,$49.77,$51.41,$48.3
11/09/2021,$50.13,22802740,$52.95,$53,$48.93
11/08/2021,$51.25,52497870,$53.36,$53.6,$49.1135
11/05/2021,$55.64,83569410,$57.13,$61.7,$55.21
11/04/2021,$86.06,21312630,$90.39,$90.49,$85.75
11/03/2021,$89.9,6263718,$88.94,$91.4624,$88.79
11/02/2021,$89.37,7532187,$92.75,$92.75,$87.92
11/01/2021,$92.83,5482876,$91.6,$92.95,$89.8554
10/29/2021,$91.44,6352373,$89.91,$92.49,$88.94
10/28/2021,$90.31,5461729,$88.78,$90.67,$88.53
10/27/2021,$88.45,5119847,$93.26,$93.4243,$87.98
10/26/2021,$93.46,6123972,$97.15,$99.36,$92.2
10/25/2021,$96.6,5713176,$93.5,$97.5299,$93.29
10/22/2021,$93.83,3926897,$93.954,$94.905,$92.18
10/21/2021,$94.83,7021608,$90.41,$95.59,$90.35
10/20/2021,$90.65,9689564,$91.41,$93.75,$89.7801
10/19/2021,$88.19,4020624,$87.55,$88.3,$85.8701
10/18/2021,$87.65,6496048,$85.11,$88.9,$83.58
10/15/2021,$85.11,4174665,$86.1,$86.6,$84.47
10/14/2021,$85.85,3342170,$87.97,$88.2,$85.31
10/13/2021,$86.71,3950209,$87.23,$88.4,$86.25
10/12/2021,$86.65,4100291,$85.85,$87.34,$84.87
10/11/2021,$84.87,3632879,$85.84,$87.4,$84.8
10/08/2021,$86.11,4132253,$87.5,$88.22,$85.13
10/07/2021,$87.74,8829515,$84.5,$89.4699,$84.421
10/06/2021,$83.76,6972198,$82.2,$85.1899,$81.04
10/05/2021,$82.56,5454417,$82.21,$84.14,$81.5
10/04/2021,$82.35,8961463,$86.25,$86.49,$81.33
10/01/2021,$86.71,6266805,$86.19,$87.16,$84.32
09/30/2021,$87.05,6951412,$85.06,$87.9,$84.67
09/29/2021,$85.4,7212945,$87.99,$89.8778,$85.2
09/28/2021,$87.8,10388460,$91,$91,$87.05
09/27/2021,$92.07,8976417,$91.71,$94.38,$89.63
09/24/2021,$92.64,5244879,$94.13,$94.13,$91.76
09/23/2021,$94.38,5366935,$94.81,$96.57,$94.01
09/22/2021,$94.55,17074950,$99.51,$99.98,$92.61
09/21/2021,$100.92,3909850,$101.25,$103.93,$100.44
09/20/2021,$100.73,5282284,$101.4,$104.13,$99.3
09/17/2021,$103.42,5901867,$104.177,$105.2332,$102.5
09/16/2021,$104.92,3682277,$105.56,$106.6,$103.93
09/15/2021,$105.56,7189657,$108.99,$108.99,$103.82
09/14/2021,$108.5,6512363,$111.58,$113.8844,$107.82
09/13/2021,$111.51,8518260,$113.67,$114.5,$110.1104
09/10/2021,$114.39,22449520,$106.91,$118.61,$106.54
09/09/2021,$107.08,16953980,$99.194,$107.79,$98.87
09/08/2021,$97.5,5426294,$96.201,$99.12,$96.06
09/07/2021,$96.48,5734893,$98.1,$98.89,$96.055
09/03/2021,$98.56,8266697,$100.86,$101.3499,$96.95
09/02/2021,$101,8581316,$100.179,$102.28,$99.56
09/01/2021,$100.04,9293565,$99.91,$101.75,$98.2901
08/31/2021,$100.19,9805115,$100.26,$103.14,$99.1
08/30/2021,$101.48,11769580,$103.75,$105.2399,$100.55
08/27/2021,$104.34,31932380,$108.05,$108.8,$102.91
08/26/2021,$114.09,14720180,$116.5,$120.62,$113.3501
08/25/2021,$116.25,4409993,$113,$116.62,$112.56
08/24/2021,$113.71,7034238,$110.294,$114.26,$110.01
08/23/2021,$106.59,6596313,$105.653,$108.05,$105.34
08/20/2021,$108.07,4551990,$109,$111.02,$107.85
08/19/2021,$107.8,3907695,$109.11,$110.05,$107.41
08/18/2021,$110.65,3780837,$113.45,$113.9021,$109.7569
08/17/2021,$113.25,4644538,$109.31,$113.72,$108.53
08/16/2021,$110,5936135,$109.91,$111.949,$107.19
08/13/2021,$110.88,3181209,$112.13,$113.08,$109.88
08/12/2021,$112.64,2449298,$112.92,$114.51,$111.66
08/11/2021,$112.95,3833848,$114.01,$115.05,$111.86
08/10/2021,$113.84,3432891,$115.965,$118.24,$113.56
08/09/2021,$116.58,5036741,$113.11,$117.62,$111.17
08/06/2021,$112.69,5631364,$118.81,$121.17,$112.65
08/05/2021,$120.22,4303300,$119.42,$121.3599,$116.8
08/04/2021,$120.93,3071111,$119.54,$121.1,$118.14
08/03/2021,$119.27,3712722,$120.84,$122.994,$117.91
08/02/2021,$120.69,4634594,$117.9,$122.69,$114.6252
07/30/2021,$118.05,4423002,$116.1,$120.6,$115.77
07/29/2021,$118.1,4039357,$121.62,$123.43,$117.91
07/28/2021,$121.92,3307116,$121.75,$123.599,$120.3553
07/27/2021,$121.36,4063440,$122.85,$123.94,$117.27
07/26/2021,$122.68,3238983,$121.06,$123.23,$117.75
07/23/2021,$121.55,4149450,$119.05,$122.969,$117.57
07/22/2021,$119.67,6576731,$125.73,$126.19,$119.01
07/21/2021,$126.43,5117148,$124.74,$127.17,$123.28
07/20/2021,$126.35,11892920,$124.09,$127.57,$120.5101
07/19/2021,$118.43,9198363,$109.99,$118.67,$109.665
07/16/2021,$110.54,4593292,$111.67,$111.9503,$109.26
07/15/2021,$111.19,8178350,$111.98,$114.7099,$108.1
07/14/2021,$113.36,10359500,$116,$116.99,$113.3
07/13/2021,$119.85,4918723,$119.57,$121.61,$118.5001
07/12/2021,$120.31,7372031,$118.73,$121.18,$114.54
07/09/2021,$117.84,6943378,$123.8557,$123.9799,$117.71
07/08/2021,$124.06,5716179,$119.855,$124.9747,$118.61
07/07/2021,$123.51,6399526,$125.275,$129.7,$123.2
07/06/2021,$123.69,5878569,$121.47,$124.07,$119.73
07/02/2021,$121.6,3632537,$123.09,$124.98,$120.17
07/01/2021,$122.16,4687709,$125,$126.25,$121.31
06/30/2021,$124.02,4378522,$125.09,$125.66,$123.365
06/29/2021,$125.68,6133905,$125.36,$127.155,$122.22
06/28/2021,$126.92,11088550,$122.07,$127.98,$121.4
06/25/2021,$121.49,12475000,$121.951,$122.42,$118.83
06/24/2021,$121.85,12766990,$117.88,$124.23,$117
06/23/2021,$117.48,7885899,$116.82,$119.6099,$115.52
06/22/2021,$117.17,13099930,$107.45,$117.66,$107.45
06/21/2021,$108.11,7878160,$107.59,$108.6,$104.12
06/18/2021,$109.12,6363214,$107.592,$110.19,$107.24
06/17/2021,$108.81,6552521,$104.9,$109.8727,$104.61
06/16/2021,$105.07,8972502,$105.715,$106.58,$102.7
06/15/2021,$106.11,6075089,$111.99,$111.99,$105.63
06/14/2021,$112.09,6617640,$112.368,$114.75,$111.5478
06/11/2021,$113.12,9666724,$104.86,$113.23,$104.62
06/10/2021,$106.08,5921920,$106.105,$107.95,$104.49
06/09/2021,$106.97,5384557,$109.3,$110.445,$106.28
06/08/2021,$109.69,7105680,$110.31,$112.4613,$108.38
06/07/2021,$109.79,9138573,$105.2,$110.9699,$104.25
06/04/2021,$103.01,6619883,$103.68,$104.59,$101.52
06/03/2021,$103.1,8464885,$106.935,$107.648,$102.911
06/02/2021,$108.55,8316141,$109.23,$110.57,$105.95
06/01/2021,$108.89,7181209,$110.9,$112.99,$108.56
05/28/2021,$110.31,7663446,$112.479,$114,$110.12
05/27/2021,$112.6,13568260,$109.32,$112.899,$106.95
05/26/2021,$109.56,26620600,$99.96,$110.49,$99.96
05/25/2021,$99.44,9340217,$101.16,$102.72,$98.68
05/24/2021,$101.16,13135270,$101.72,$102.11,$98.12
05/21/2021,$100.9,10514370,$99.99,$102.25,$98.57
05/20/2021,$100.46,11665420,$98.198,$100.75,$97.8
05/19/2021,$96.55,14793330,$93.3542,$97.5699,$92.6301
05/18/2021,$95.19,17131300,$92.96,$97.85,$92.5501
05/17/2021,$92.29,17842820,$95.845,$96.9699,$89.43
05/14/2021,$96.58,18743760,$95.6421,$97.8,$92.9003
05/13/2021,$95.29,28794580,$90.69,$95.55,$90.5277
05/12/2021,$89.35,28848500,$88.5,$92.59,$86.51
05/11/2021,$91.01,25425910,$84.14,$91.38,$83.63
05/10/2021,$87.49,38641900,$82.59,$88.27,$81.06
05/07/2021,$83.81,62104990,$89.55,$92.02,$82.91
05/06/2021,$83.78,46079360,$80.504,$85.38,$80.48
05/05/2021,$82.62,84914530,$97.75,$98.8,$81.41
05/04/2021,$96.7,9224547,$95,$97.27,$92.72
05/03/2021,$95.84,7059042,$98.258,$99.8195,$95.31
04/30/2021,$98.35,8767193,$97.65,$101.4,$97.25
04/29/2021,$98.9,13344330,$103.2,$103.4368,$96.54
04/28/2021,$103.22,6288783,$101.71,$104.39,$100.27
04/27/2021,$102.34,5712583,$103.99,$104.39,$101.36
04/26/2021,$103.27,8022653,$102.66,$103.2739,$100.4106
04/23/2021,$101.07,10158160,$102.38,$103.59,$99.74
04/22/2021,$101.49,14597530,$101.1572,$105.08,$100.0343
04/21/2021,$99.93,16621100,$103.29,$104.25,$99.12
04/20/2021,$106.5,8472758,$108.11,$109.14,$103.92
04/19/2021,$107.75,22451330,$108.62,$112.91,$104.58
04/16/2021,$116.21,4759899,$119.35,$119.48,$115.76
04/15/2021,$119.9,4704666,$120,$121.795,$118.2
04/14/2021,$117.8,5802608,$122.664,$122.91,$117.39
04/13/2021,$122.36,6644727,$121.49,$124.8,$120.59
04/12/2021,$118.97,5596330,$118.06,$119.425,$115.2648
04/09/2021,$118.6,6751118,$122.492,$122.7,$118.41
04/08/2021,$123.62,14751520,$117.5,$124.5,$116.63
04/07/2021,$115.2,6066931,$114.3,$116.2,$111.62
04/06/2021,$115.38,7403248,$109.24,$117.4511,$108.28
04/05/2021,$109.09,6347953,$112.88,$112.98,$107.73
04/01/2021,$112.09,6986404,$114.99,$118.96,$111.67
03/31/2021,$112.44,6933723,$109,$114.5,$108.25
03/30/2021,$107.17,4201183,$103.81,$107.48,$101.8105
03/29/2021,$105.02,5163043,$106,$108.45,$103.9
03/26/2021,$106.42,6479661,$104.11,$106.56,$102.4
03/25/2021,$103.23,8356536,$99.67,$104.47,$98.73
03/24/2021,$101.79,10340030,$112.48,$112.8899,$101.12
03/23/2021,$113.35,9079464,$111,$116.29,$109.51
03/22/2021,$109.54,6913582,$108.97,$110.73,$106.65
03/19/2021,$108.31,11222230,$103.15,$108.93,$102.03
03/18/2021,$102.74,7912572,$105.005,$107.48,$101.6698
03/17/2021,$107.79,9712972,$105.525,$109.39,$102.26
03/16/2021,$107.96,5673564,$113.61,$113.98,$106.2
03/15/2021,$112.74,5338541,$111.67,$112.75,$107.35
03/12/2021,$111.55,8118595,$113.49,$115.2,$109.25
03/11/2021,$117.65,8180636,$115.4,$118.2,$114.01
03/10/2021,$111.32,8770592,$117.99,$119.12,$110.88
03/09/2021,$116.02,11068360,$108.18,$116.46,$106.29
03/08/2021,$101.35,13486340,$108.69,$115.39,$100.42
03/05/2021,$105.13,14661530,$105.15,$107.74,$94
03/04/2021,$104.75,13875400,$107.74,$110.97,$97.1937
03/03/2021,$108.08,10930860,$117.905,$118,$107.8
03/02/2021,$117.97,5277759,$125,$126.7399,$117.63
03/01/2021,$123.81,5943468,$122.478,$124.4,$118.77
02/26/2021,$120.47,8635538,$118.21,$121.78,$114.61
02/25/2021,$115.21,7624675,$121.14,$124.56,$113.84
02/24/2021,$122.72,7718771,$123,$127.1068,$118.85
02/23/2021,$126.89,11065990,$122.23,$126.95,$111.94
02/22/2021,$125.75,9730216,$137.32,$138.61,$125.08
02/19/2021,$139.71,4229633,$139.66,$141.67,$137.85
02/18/2021,$138.45,5947611,$136.13,$140.6611,$135.2
02/17/2021,$139.23,10626030,$145.17,$145.6,$135.03
02/16/2021,$145.88,6758500,$155.5,$155.52,$145.7185
02/12/2021,$154.67,7844161,$145.95,$154.83,$144.88
02/11/2021,$146.48,4286535,$146.66,$148.04,$144.03
02/10/2021,$145.04,5936921,$148.75,$150.5,$143.454
02/09/2021,$147.76,7611941,$147.01,$149.92,$145.1
02/08/2021,$144.99,11386220,$148.838,$149.46,$143.33
02/05/2021,$148.3,23157380,$149,$151.79,$142.7
02/04/2021,$157.53,11762600,$148.57,$157.83,$148.01
02/03/2021,$147.17,4095019,$149.51,$150.7753,$145.59
02/02/2021,$147.73,5315361,$148.64,$150.9687,$145.0063
02/01/2021,$146.79,5087523,$147.7,$150.2999,$144.55
01/29/2021,$146.13,4580776,$144.97,$149.21,$142.37
01/28/2021,$145.83,6281492,$145.13,$150.46,$143.42
01/27/2021,$144.96,7359190,$146.46,$150.64,$139.0211
01/26/2021,$147.79,6664735,$156.5,$158.67,$147.49
01/25/2021,$157.14,6611730,$160.85,$166.57,$156.7
01/22/2021,$159.75,3226076,$157.67,$160.41,$155.94
01/21/2021,$158.13,4351432,$155.78,$159.7,$153.14
01/20/2021,$155.79,5413733,$153.8,$156.73,$152
01/19/2021,$150.14,10387650,$152.55,$152.9375,$144.9001
01/15/2021,$157.81,5833618,$165.82,$166.08,$157.2369
01/14/2021,$165.25,7498483,$166.1,$171.09,$163.96
01/13/2021,$167.42,10618870,$156.5025,$169,$156.5025
01/12/2021,$156.04,6326459,$152.582,$157.36,$147.755
01/11/2021,$152.34,4623984,$156.771,$159.12,$152.01
01/08/2021,$158.88,6248413,$155.82,$159.03,$152.27
01/07/2021,$154,6583631,$145.651,$154.47,$145.21
01/06/2021,$143.76,7748340,$144.36,$144.97,$140.7381
01/05/2021,$148.53,4883013,$145.74,$149.7799,$144.47
01/04/2021,$145.96,7911635,$152.51,$152.78,$143.09
12/31/2020,$151.72,5449245,$155.01,$155.22,$150.62
12/30/2020,$154.96,6802449,$150.77,$155.2,$148.33
12/29/2020,$150.1,9340584,$150,$154.11,$146.37
12/28/2020,$152.18,10718960,$164,$164.4,$151.67
12/24/2020,$162.72,6830914,$161.9,$167.37,$161.3
12/23/2020,$162.76,12869000,$160.6,$163.584,$154.2501
12/22/2020,$161.21,40111440,$159.2,$166.23,$155.4012
12/21/2020,$144.39,14272930,$141.795,$144.88,$137.77
12/18/2020,$139.84,32497810,$137.88,$142,$135.6
12/17/2020,$136.8,10599750,$133.97,$137.67,$133.43
12/16/2020,$134,14646750,$128.7,$134.22,$128.51
12/15/2020,$127.78,9907035,$122.02,$127.81,$119.78
12/14/2020,$121.91,14734200,$118.01,$124.86,$117.75
12/11/2020,$117.1,6493917,$117.99,$119.44,$114.59
12/10/2020,$117.99,9688403,$109.53,$119.1296,$108.18
12/09/2020,$110.79,12106720,$117.65,$120.3121,$110.1054
12/08/2020,$118.25,9196222,$115.92,$118.55,$113.0612
12/07/2020,$116.63,6044165,$114.07,$117.145,$113.12
12/04/2020,$114.45,7346751,$115.25,$115.7,$111.9293
12/03/2020,$116.2,6989696,$112.92,$116.25,$112.73
12/02/2020,$113.18,11614840,$110.83,$117.75,$110.2
12/01/2020,$112.03,10171750,$113.73,$115.66,$110.3
11/30/2020,$116.35,13468560,$110.03,$116.52,$105.69
11/27/2020,$108.98,5602079,$107.33,$109.9,$105.29
11/25/2020,$106.94,8166091,$106.29,$108.25,$105.56
11/24/2020,$105.42,11628080,$109.46,$110.07,$104.15
11/23/2020,$112.05,12179820,$110.43,$113.94,$106.07
11/20/2020,$110.9,17323940,$106,$112.81,$104.2
11/19/2020,$105.26,9678876,$104.1,$106.42,$102.7801
11/18/2020,$104.49,11144420,$101.49,$105.56,$100.26
11/17/2020,$102.49,10050010,$102.33,$102.78,$99.63
11/16/2020,$101.9,16488740,$97.3,$102.06,$95.86
11/13/2020,$100.79,16159460,$109.0296,$109.6899,$99.5
11/12/2020,$108.72,17022830,$107.11,$112,$106.45
11/11/2020,$106.21,27922340,$103,$107.35,$99.83
11/10/2020,$105.21,39736590,$103.1,$108.65,$92.03
11/09/2020,$100.01,42202870,$106.69,$108.48,$94.12
11/06/2020,$125.46,24201830,$123,$132.79,$122.49
11/05/2020,$126.63,16320220,$122.935,$126.91,$117.82
11/04/2020,$118.6,8066159,$113.99,$118.93,$112.96
11/03/2020,$111.7,9413621,$113.51,$114.05,$110.13
11/02/2020,$113.44,8774227,$112.355,$116.32,$110.9176
10/30/2020,$110.21,11004740,$114.1,$116.21,$109.01
10/29/2020,$115.91,11407620,$124.3,$124.9,$114.24
10/28/2020,$122.12,9233779,$122.11,$124.3362,$119.5601
10/27/2020,$121.15,8626956,$120.36,$122.5337,$118.31
10/26/2020,$118.1,11917910,$123.02,$125.6499,$116.0982
10/23/2020,$122.53,11544060,$121.1,$123.65,$117.58
10/22/2020,$120.8,24320470,$119.75,$126.59,$118.61
10/21/2020,$124.3,19003720,$132.79,$136.95,$124.28
10/20/2020,$131.93,12668350,$133.75,$134.55,$130.33
10/19/2020,$133.01,24250330,$130.94,$134.57,$126.95
10/16/2020,$131.33,40455840,$137.6,$139.75,$128.67
10/15/2020,$136.43,26759210,$127.82,$137.24,$126.55
10/14/2020,$131.44,27271640,$132.11,$135.31,$128.26
10/13/2020,$130.97,17317710,$127,$131.92,$124.31
10/12/2020,$127.3,20531390,$125.095,$129.41,$122.24
10/09/2020,$123.02,17601900,$115.71,$123.58,$114.78
10/08/2020,$115,15353590,$118.92,$119.89,$113.7
10/07/2020,$116.96,22040020,$113.48,$118.44,$113.01
10/06/2020,$111.31,19411320,$110.78,$113.87,$109.38
10/05/2020,$110.74,16139410,$107.67,$110.85,$106.11
10/02/2020,$107.51,29786610,$105,$110.25,$104.09
10/01/2020,$105.2,26735530,$99.83,$105.74,$99.305
09/30/2020,$99.24,19003420,$99.99,$101.88,$98.095
09/29/2020,$100.47,41271320,$96.84,$102.83,$96.27
09/28/2020,$96.91,34557710,$97.27,$99.4,$94.42
09/25/2020,$97.73,45866010,$90.757,$98.48,$90.5
09/24/2020,$88.56,34327750,$93.9,$95.2499,$88
09/23/2020,$95.23,55375380,$95.81,$100.4399,$93.91
09/22/2020,$94.39,43455620,$90.33,$94.65,$88.43
09/21/2020,$94.8,51263700,$89.4,$96.5,$87.78
09/18/2020,$89.7,44309560,$85.25,$90.01,$83.28
09/17/2020,$85.2,30607880,$79.69,$85.7,$79.02
09/16/2020,$82.59,25209190,$83.77,$86.35,$82.2
09/15/2020,$85.45,67929340,$83.5,$88.5,$82.5
09/14/2020,$82.01,52982530,$81.72,$83.5,$78.83
09/11/2020,$84.04,87398130,$98.1065,$98.1065,$83.58
09/10/2020,$87.75,55832560,$93.55,$98.61,$86.38
09/09/2020,$91.17,30086860,$90.16,$92.08,$86.22
09/08/2020,$85.6,32732780,$79.38,$91.84,$79.29
09/04/2020,$80.63,16784930,$81.55,$84.972,$72.11
09/03/2020,$82.28,14010180,$87.8,$87.9,$80.51
09/02/2020,$91.06,26695550,$91.8,$92.5,$84.25
09/01/2020,$83.67,13242490,$78.39,$84.63,$78
08/31/2020,$76.67,15742530,$76,$77.8,$75.41
08/28/2020,$75.96,15422190,$72.41,$77.455,$72.25
08/27/2020,$70.3,12952850,$72.4,$72.4124,$68.06
08/26/2020,$67.3,4663614,$66.97,$68.6132,$66.735
08/25/2020,$66.45,4291655,$66.47,$67.46,$65.29
08/24/2020,$66.87,4483673,$69.95,$70.25,$66.21
08/21/2020,$69.35,4077864,$68.71,$70.95,$68.56
08/20/2020,$68.72,3208150,$67.59,$69.09,$67.1
08/19/2020,$67.59,4081858,$69.32,$69.76,$67.46
08/18/2020,$69.82,7931611,$65.85,$70.78,$65.56
08/17/2020,$65.26,3850329,$64.88,$65.45,$63.23
08/14/2020,$64.34,4565303,$66.64,$67.75,$64.08
08/13/2020,$65.71,9862711,$63,$66.3503,$62.5
08/12/2020,$64.36,3768838,$65.21,$65.73,$63.76
08/11/2020,$64.96,4140612,$65.69,$67.2,$64.15
08/10/2020,$67.12,3932957,$68.48,$69.57,$65.15
08/07/2020,$68.3,4748018,$69.99,$70.68,$66.37
08/06/2020,$69.72,4523265,$71.73,$72.5,$69.68
08/05/2020,$71.21,4996816,$69.73,$71.74,$69.67
08/04/2020,$70.01,6039933,$70.95,$71.5,$69.0124
08/03/2020,$72.68,7897326,$69.6,$73.21,$69.1
07/31/2020,$68.22,7270687,$66.69,$68.94,$65.6
07/30/2020,$65.28,5412970,$66.17,$66.65,$62.72
07/29/2020,$66.65,4395326,$64.72,$66.9,$64.6
07/28/2020,$64.11,5709957,$64.3,$66.87,$63.93
07/27/2020,$63.68,4106775,$62.58,$63.91,$61.75
07/24/2020,$61.82,4048691,$61.56,$62.3374,$59.68
07/23/2020,$62.31,4732649,$64.31,$65.28,$60.89
07/22/2020,$64.14,4367444,$62.9,$64.41,$62.8806
07/21/2020,$62.88,6252315,$64.85,$65.31,$61.9002
07/20/2020,$64.71,10351410,$59.721,$64.995,$59.58
07/17/2020,$58.53,9961479,$61.55,$61.88,$58.23
07/16/2020,$61.29,5613650,$62.21,$62.89,$60.65
07/15/2020,$63.13,5347392,$61.43,$63.72,$60.87
07/14/2020,$62.95,9576405,$62.58,$65.08,$60.1
07/13/2020,$61.58,13147280,$69.25,$69.7281,$61.01
07/10/2020,$68.47,9163666,$64.82,$68.78,$63.8
07/09/2020,$64.49,7527092,$63.881,$65.72,$63.56
07/08/2020,$62.52,6058362,$61.04,$63.25,$61.04
07/07/2020,$60.82,6873814,$61,$62.2,$59.7
07/06/2020,$60.48,5926742,$59.25,$62.34,$59.24
07/02/2020,$59.16,5475541,$60.85,$61.3899,$58.91
07/01/2020,$60.25,8335048,$57.54,$61,$56.9203
06/30/2020,$57.77,6536649,$56.24,$59.11,$56.18
06/29/2020,$57.21,6649465,$58.05,$58.4,$55.68
06/26/2020,$58.43,15952510,$58.5,$60,$56.395
06/25/2020,$58.06,10180660,$56.39,$58.3,$55
06/24/2020,$55.55,14527140,$55.98,$57.27,$52.42
06/23/2020,$54.88,12747280,$54.49,$56.6,$53.72
06/22/2020,$53.03,13253260,$52,$55.03,$51.65
06/19/2020,$50.89,9522189,$51.13,$51.95,$50.39
06/18/2020,$51.08,8064449,$49.72,$51.25,$49.25
06/17/2020,$49.17,9153330,$50.12,$51.71,$48.73
06/16/2020,$49.91,10911550,$48.45,$51.45,$47.04
06/15/2020,$49.94,11498120,$48.27,$51,$47.08
06/12/2020,$47.1,5838977,$47.075,$48.25,$45.64
06/11/2020,$45.98,8274343,$45.93,$49.4,$45.51
06/10/2020,$47.11,5503412,$48.2,$48.7822,$46.53
06/09/2020,$47.64,7740154,$45.37,$48.05,$45.11
06/08/2020,$44.78,8704983,$45.2,$45.41,$42.9
06/05/2020,$45.9,8244063,$45.12,$46.88,$44.41
06/04/2020,$47.88,6268261,$47.4,$49.19,$46.65
06/03/2020,$47.83,7144757,$48.21,$48.4,$46.26
06/02/2020,$49.01,15354560,$45.8,$49.3,$45.56
06/01/2020,$45.85,9712801,$42.101,$45.91,$41.26
05/29/2020,$42.19,6720475,$43.04,$44.39,$41.14
05/28/2020,$42.61,6019612,$40.85,$42.94,$40.77
05/27/2020,$41.07,11618100,$41,$41.37,$38.8
05/26/2020,$41.7,9621822,$44.74,$45.5,$41.68
05/22/2020,$45.81,6230544,$45.14,$46.87,$44.8
05/21/2020,$45.3,4292674,$44.98,$45.6675,$44.03
05/20/2020,$45.11,5450339,$44.85,$45.89,$44.13
05/19/2020,$44.8,7668047,$45.08,$45.35,$44
05/18/2020,$43.61,16883290,$47.29,$48.215,$43.4
05/15/2020,$48.42,15808880,$45.25,$49.68,$45.13
05/14/2020,$45.11,12971090,$45.39,$47.38,$44.8113
05/13/2020,$45.17,15197570,$46.69,$46.8,$42.39
05/12/2020,$46.17,25236540,$44.32,$47.83,$44.05
05/11/2020,$42.8,12684460,$42.51,$44.35,$42.01
05/08/2020,$43,21728680,$42.11,$43.27,$41.27
05/07/2020,$44.12,53226010,$45.69,$45.7,$40.8
05/06/2020,$38.03,27262600,$36.83,$39.256,$35.21
05/05/2020,$36.22,16784650,$34.96,$36.36,$34.25
05/04/2020,$33.9,8916540,$32.36,$34.17,$32.03
05/01/2020,$32.05,4531926,$31.03,$32.66,$30.7
04/30/2020,$31.5,3339635,$32.44,$32.49,$31.2
04/29/2020,$31.89,6454926,$29.67,$32.2,$29.6402
04/28/2020,$30,7577284,$31.94,$32.17,$29.8
04/27/2020,$31.78,6948391,$32.44,$33.7362,$31.73
04/24/2020,$31.74,14817350,$30.25,$33.02,$30.01
04/23/2020,$29.89,6794074,$31.16,$31.75,$29.33
04/22/2020,$31.18,5481699,$31.8,$32.02,$30.42
04/21/2020,$31.39,9477816,$31.27,$32.32,$29.51
04/20/2020,$31.07,11465210,$31.86,$32.87,$30.97
04/17/2020,$33.49,9704704,$33.9,$35.05,$32.1073
04/16/2020,$36.35,11378240,$34.5,$38.08,$34.11
04/15/2020,$35.61,13312700,$32.13,$36.03,$31.7
04/14/2020,$31.88,5330415,$32.33,$32.48,$30.57
04/13/2020,$31.99,9420339,$28.53,$32.28,$28.46
04/09/2020,$28.45,5549147,$27.62,$29.03,$27.32
04/08/2020,$27.5,3959334,$27.3,$27.74,$26.91
04/07/2020,$27.58,6167123,$28.8,$28.96,$26.06
04/06/2020,$28.37,7596606,$29.19,$29.45,$28.02
04/03/2020,$28.75,7756101,$27.07,$29.11,$26.95
04/02/2020,$26.74,6039998,$28.05,$28.48,$25.85
04/01/2020,$27.96,11805490,$26.44,$29.34,$26.0867
03/31/2020,$26.55,5734607,$27.89,$28.565,$26.54
03/30/2020,$27.7,12153830,$26.8,$28.67,$26.26
03/27/2020,$25.98,4871186,$25.6,$26.18,$24.58
03/26/2020,$25.75,4695042,$24.56,$26.05,$24.31
03/25/2020,$24.52,4290237,$24.57,$25.1407,$23.67
03/24/2020,$24.57,5242729,$24.21,$25,$23.62
03/23/2020,$23.34,5643565,$23.41,$24.76,$23.07
03/20/2020,$23.01,7400022,$25,$25.4,$21.78
03/19/2020,$24.99,6849846,$26,$26.58,$23.1806
03/18/2020,$25.79,11057430,$24.5,$27.38,$24.43
03/17/2020,$25.45,15370290,$24.22,$27,$22.69
03/16/2020,$22.25,12514480,$18.64,$22.94,$17.7
03/13/2020,$19.72,8873007,$20.52,$20.6,$17.83
03/12/2020,$19.51,8665942,$20.74,$20.99,$18.01
03/11/2020,$22,6233757,$22.5,$23.38,$21.64
03/10/2020,$22.97,6196695,$24.1,$24.33,$22.31
03/09/2020,$23.21,5288148,$23,$24.725,$22.53
03/06/2020,$24.98,7334380,$25.95,$26.1408,$24.36
03/05/2020,$27.1,5464751,$26.51,$27.18,$25.845
03/04/2020,$27.25,5606428,$27.01,$27.45,$25.78
03/03/2020,$26.685,7938628,$27.34,$27.5,$26.18
03/02/2020,$27.92,6230293,$27.2,$29.32,$26.33
02/28/2020,$26.69,9203859,$28,$28.29,$25.925
02/27/2020,$28.72,7628068,$28.9,$29,$26.69
02/26/2020,$29.19,12871740,$27.95,$29.64,$27.27
02/25/2020,$27.11,10467010,$26.65,$28.02,$26.02
02/24/2020,$26.5,26599230,$24.7,$27.07,$24.52
02/21/2020,$25.49,5805674,$26.81,$26.9,$25.32
02/20/2020,$26.98,3733711,$27.1,$27.8,$26.6
02/19/2020,$27.1,3331205,$27.3,$27.69,$26.8
02/18/2020,$27.08,2671840,$27.5,$27.88,$26.84
02/14/2020,$27.66,2947462,$28.89,$28.89,$27.5
02/13/2020,$28.85,6879048,$28.2,$30.27,$27.4
02/12/2020,$28.34,2460263,$28.84,$29.21,$28.25
02/11/2020,$28.65,2413261,$28.75,$29.18,$28.2
02/10/2020,$28.6,3770513,$27.83,$29.0599,$27.62
02/07/2020,$27.86,7796942,$28.59,$28.59,$27.05
02/06/2020,$29,12108510,$29.94,$30.75,$28.82
02/05/2020,$32.7,9397708,$34.04,$34.09,$31.64
02/04/2020,$33.47,7687611,$33.91,$34.6,$33.28
02/03/2020,$33.37,4811387,$32.87,$33.5,$31.94
01/31/2020,$32.36,3366267,$32.25,$32.52,$31.0206
01/30/2020,$32.26,3785376,$31.25,$32.3,$31.25
01/29/2020,$31.5,3509870,$32.36,$32.36,$30.81
01/28/2020,$31.38,3737890,$31.56,$31.65,$30.56
01/27/2020,$31.25,4228501,$29.67,$31.38,$29.2
01/24/2020,$30.5,5259004,$30.08,$30.77,$28.85
01/23/2020,$30.06,3268869,$30.69,$31.59,$29.96
01/22/2020,$30.68,5374850,$32.32,$33.2,$30.53
01/21/2020,$32,4914326,$31.69,$33.7,$31.6
01/17/2020,$31.7,3831288,$31,$31.95,$30.7826
01/16/2020,$30.83,5702343,$31.1,$31.8,$30.36
01/15/2020,$30.86,7822658,$30.96,$31.44,$29.7738
01/14/2020,$29.69,4820155,$28.8,$30.26,$28.35
01/13/2020,$28.53,3624245,$28.3,$28.97,$27.2401
01/10/2020,$28.01,5940993,$27.85,$28.15,$26.89
01/09/2020,$27.87,6574385,$29.38,$29.94,$27.585
01/08/2020,$29.65,7474967,$30.07,$30.25,$28.85
01/07/2020,$30.4,3101250,$29.44,$30.84,$28.83
01/06/2020,$29.75,4030502,$30.61,$31.705,$29.72
01/03/2020,$30.6,4974596,$29.49,$31.25,$29.29
01/02/2020,$29.74,5916777,$28.9,$30.02,$27.8
12/31/2019,$28.4,3603055,$27.48,$29.06,$27.31
12/30/2019,$27.69,4853537,$26.83,$28.1082,$26.47
12/27/2019,$27,6797890,$27,$27.3,$25.67
12/26/2019,$27,8504214,$29,$29.18,$26.74
12/24/2019,$28.75,1972649,$29.07,$29.25,$28.56
12/23/2019,$29.22,4377045,$30.15,$30.2,$28.87
12/20/2019,$29.99,8509806,$32,$32.25,$29.8
12/19/2019,$31.93,3320472,$31.74,$32.39,$31
12/18/2019,$31.89,4951016,$32.71,$33.5,$31.3535
12/17/2019,$32.93,5536028,$31.6,$33.32,$30.6
12/16/2019,$31.34,3885903,$31.65,$31.92,$30.21
12/13/2019,$31.53,3309899,$30.99,$31.97,$30.25
12/12/2019,$30.85,6795448,$31.62,$32.36,$29.86
12/11/2019,$32.03,7290983,$32.12,$32.38,$29.87
12/10/2019,$32.78,13165590,$35.04,$35.1,$31.62
12/09/2019,$34.77,7817614,$33.31,$35.35,$33.04
12/06/2019,$32.63,6820157,$31.8,$33.39,$31.36
12/05/2019,$31.31,6510966,$33.65,$33.65,$30.51
12/04/2019,$32.96,8629336,$34.78,$35.3,$31.22
12/03/2019,$33.48,7865047,$35.91,$36,$33.14
12/02/2019,$36.84,6611175,$35.3,$37.02,$32.96
11/29/2019,$35.23,5680037,$32.66,$35.75,$32.51
11/27/2019,$32.16,4234757,$31.05,$33.07,$29.85
11/26/2019,$30.96,2224659,$31.41,$31.5,$29.747
11/25/2019,$30.87,2922178,$29.49,$31.11,$29.49
11/22/2019,$29.36,1649268,$30.11,$30.65,$28.9
11/21/2019,$29.8,1733090,$29.13,$30,$28.6605
11/20/2019,$29.1,2565917,$29.09,$29.99,$27.75
11/19/2019,$29.24,6983999,$29.99,$32.01,$28.8
11/18/2019,$30.25,9091184,$27.34,$30.36,$26.24
11/15/2019,$27.23,7306973,$26.01,$28.82,$25.71
11/14/2019,$25.93,3040100,$26.2,$26.26,$25.4
11/13/2019,$25.98,6303864,$24.46,$26.8525,$24.15
11/12/2019,$24.69,2374760,$24.32,$24.99,$24.19
11/11/2019,$24.04,2922751,$23.44,$24.17,$22.45
11/08/2019,$23.52,2916728,$22.45,$23.55,$22.25
11/07/2019,$22.63,2840608,$23.02,$23.31,$22.41
11/06/2019,$23.02,3796291,$22.93,$23.2,$22.29
11/05/2019,$22.74,13504170,$24.05,$24.25,$22.25
11/04/2019,$24.61,6016825,$25.3,$26.5,$23.54
11/01/2019,$24.99,4894934,$23.87,$25.3,$23.7528
10/31/2019,$23.87,1912542,$23.49,$23.94,$22.91
10/30/2019,$23.72,2500093,$23.32,$23.735,$22.66
10/29/2019,$23.18,5127445,$21.57,$24.16,$21.43
10/28/2019,$21.46,4162351,$22.55,$22.67,$21.45
10/25/2019,$22.4,2518676,$21.13,$23.09,$21.0002
10/24/2019,$21.34,2685496,$21.24,$21.45,$20.7
10/23/2019,$21.08,4943040,$21.13,$21.74,$20.46
10/22/2019,$21.16,5880239,$22.67,$22.698,$20.93
10/21/2019,$22.26,8040711,$23.99,$24.37,$21.7738
10/18/2019,$23.52,3392354,$24.3,$24.68,$23.12
10/17/2019,$23.86,1185601,$23,$23.96,$23
10/16/2019,$23.03,2457008,$23.54,$23.54,$22.46
10/15/2019,$23.445,2872184,$21.51,$23.68,$21.51
10/14/2019,$21.47,2651179,$22.17,$22.28,$21.4
10/11/2019,$22.39,3396102,$23.1,$23.4,$22.11
10/10/2019,$23.14,3491711,$24.1,$24.2,$22.8
10/09/2019,$24,3180665,$23.63,$24.8,$23.25
10/08/2019,$23.21,2902080,$23.6,$23.9,$22.33
10/07/2019,$23.51,2741353,$23.07,$24.33,$22.49
10/04/2019,$23.01,3229153,$22.35,$23.42,$22.3057
10/03/2019,$22.33,8280003,$22.49,$22.82,$21.14
10/02/2019,$22.6,9454724,$22.25,$23.18,$21.76
10/01/2019,$22.51,8816118,$25,$25.17,$22.51
09/30/2019,$25.1,4482931,$25.26,$25.85,$25
09/27/2019,$25.24,15975990,$26.17,$26.17,$23.75
09/26/2019,$25.76,47067670,$27,$27.98,$24.75
